<?xml version="1.0"?>
<measure>
  <schema_version>3.1</schema_version>
  <name>example_model_measure</name>
  <uid>967dc07f-1dc1-43da-b5c6-c5bdd5380f67</uid>
  <version_id>293c1731-3d38-44d8-a6f7-9c2701feee75</version_id>
  <version_modified>2023-06-26T14:58:33Z</version_modified>
  <xml_checksum>C9D588FA</xml_checksum>
  <class_name>ExampleModelMeasure</class_name>
  <display_name>Example Model Measure</display_name>
  <description>An Example Measure to act as a starting point for a tutorial</description>
  <modeler_description>An Example Measure to act as a starting point for a tutorial</modeler_description>
  <arguments>
    <argument>
      <name>space_name</name>
      <display_name>New space name</display_name>
      <description>This name will be used as the name of the new space.</description>
      <type>String</type>
      <required>true</required>
      <model_dependent>false</model_dependent>
    </argument>
  </arguments>
  <outputs />
  <provenances />
  <tags>
    <tag>Reporting.QAQC</tag>
  </tags>
  <attributes>
    <attribute>
      <name>Measure Type</name>
      <value>ModelMeasure</value>
      <datatype>string</datatype>
    </attribute>
    <attribute>
      <name>Measure Language</name>
      <value>Ruby</value>
      <datatype>string</datatype>
    </attribute>
  </attributes>
  <files>
    <file>
      <version>
        <software_program>OpenStudio</software_program>
        <identifier>3.6.1</identifier>
        <min_compatible>3.6.1</min_compatible>
      </version>
      <filename>measure.rb</filename>
      <filetype>rb</filetype>
      <usage_type>script</usage_type>
      <checksum>2CD442EF</checksum>
    </file>
  </files>
</measure>
